userName,salutation,firstName,middleName,lastName,sex,regID,userType,DOB,religionId,casteId,isFromReservedCategory,isPhysicallyHandicapped,isEconomicallyBackward,birthPlace_city,birthPlace_state,birthPlace_country,languages_motherTongue,languages_others,profileImagePath,passportNumber,panNum,uid,visaDetails,softeDelete,accessList,hashPassword,resetPasswordCode,resetPasswordCodeUntil,createdAt,updatedAt,createdBy,updatedBy,className,section,isSMSEnabled,isEmailEnabled,contactUserId
Sudhir_Lot,Mr.,Sudhir,,Lot,M,1_F,3,11/04/1999,1,1,1,1,1,1,14,0,Hindi,English,,FF3399730,AMTPB4483H,UID1_F,VISA1_F,No,*,11/04/1999,,,,,,,,,true,true,1_F
Narendra_Parihar,Mr.,Narendra,,Parihar,M,2_F,3,11/06/ 2000,2,1,1,1,1,1,14,0,Hindi,English,,FF3399731,AMTPB4483H,UID2_F,VISA2_F,No,*,11/06/ 2000,,,,,,,,,true,true,2_F
Akilesh_Sharma,Mr.,Akilesh,,Sharma,M,3_F,3,16/08/1999,3,1,1,1,1,1,14,0,Hindi,English,,FF3399732,AMTPB4483H,UID3_F,VISA3_F,No,*,16/08/1999,,,,,,,,,true,true,3_F
Sunil_Peter,Mr.,Sunil,,Peter,M,4_F,3,30/07/1999,4,1,1,1,1,1,14,0,Hindi,English,,FF3399733,AMTPB4483H,UID4_F,VISA4_F,No,*,30/07/1999,,,,,,,,,true,true,4_F
Pawan_Agrawal,Mr.,Pawan,,Agrawal,M,5_F,3,22/02/1999,1,1,1,1,1,1,14,0,Hindi,English,,FF3399734,AMTPB4483H,UID5_F,VISA5_F,No,*,22/02/1999,,,,,,,,,true,true,5_F
Apoorv_Dubey,Mr.,Apoorv,,Dubey,M,6_F,3,12/08/1999,2,1,1,1,1,1,14,0,Hindi,English,,FF3399735,AMTPB4483H,UID6_F,VISA6_F,No,*,12/08/1999,,,,,,,,,true,true,6_F
Shrish_Yadav,Mr.,Shrish,,Yadav,M,7_F,3,04/08/1999,3,1,1,1,1,1,14,0,Hindi,English,,FF3399736,AMTPB4483H,UID7_F,VISA7_F,No,*,04/08/1999,,,,,,,,,true,true,7_F
S.M.Irshad_,Mr.,S.M.Irshad,,,M,8_F,3,07/12/1998,4,1,1,1,1,1,14,0,Hindi,English,,FF3399737,AMTPB4483H,UID8_F,VISA8_F,No,*,07/12/1998,,,,,,,,,true,true,8_F
Naseem_Siddiqui,Mr.,Naseem,Ahmed,Siddiqui,M,9_F,3,24/07/1999,1,1,1,1,1,1,14,0,Hindi,English,,FF3399738,AMTPB4483H,UID9_F,VISA9_F,No,*,24/07/1999,,,,,,,,,true,true,9_F
Atul_Dua,Mr.,Atul,,Dua,M,10_F,3,29/07/1999,2,1,1,1,1,1,14,0,Hindi,English,,FF3399739,AMTPB4483H,UID10_F,VISA10_F,No,*,29/07/1999,,,,,,,,,true,true,10_F
Kiran_Manjrekar,Mr.,Kiran,,Manjrekar,M,11_F,3,18/03/1999,3,1,1,1,1,1,14,0,Hindi,English,,FF3399740,AMTPB4483H,UID11_F,VISA11_F,No,*,18/03/1999,,,,,,,,,true,true,11_F
Dr.Mukesh_Shrivasta,Mr.,Dr.Mukesh,,Shrivasta,M,12_F,3,06/07/1999,4,1,1,1,1,1,14,0,Hindi,English,,FF3399741,AMTPB4483H,UID12_F,VISA12_F,No,*,06/07/1999,,,,,,,,,true,true,12_F
Jagdish_Parihar,Mr.,Jagdish,,Parihar,M,13_F,3,02/08/1999,1,1,1,1,1,1,14,0,Hindi,English,,FF3399742,AMTPB4483H,UID13_F,VISA13_F,No,*,02/08/1999,,,,,,,,,true,true,13_F
Rakesh_Joshi,Mr.,Rakesh,,Joshi,M,14_F,3,22/02/1998,2,1,1,1,1,1,14,0,Hindi,English,,FF3399743,AMTPB4483H,UID14_F,VISA14_F,No,*,22/02/1998,,,,,,,,,true,true,14_F
Anil_Shrivastva,Mr.,Anil,,Shrivastva,M,15_F,3,08/12/1999,3,1,1,1,1,1,14,0,Hindi,English,,FF3399744,AMTPB4483H,UID15_F,VISA15_F,No,*,08/12/1999,,,,,,,,,true,true,15_F
Mahesh_Pardeshi,Mr.,Mahesh,,Pardeshi,M,16_F,3,26/12/1999,4,1,1,1,1,1,14,0,Hindi,English,,FF3399745,AMTPB4483H,UID16_F,VISA16_F,No,*,26/12/1999,,,,,,,,,true,true,16_F
lalit_Badjatiya,Mr.,lalit,,Badjatiya,M,17_F,3,13/07/1999,1,1,1,1,1,1,14,0,Hindi,English,,FF3399746,AMTPB4483H,UID17_F,VISA17_F,No,*,13/07/1999,,,,,,,,,true,true,17_F
Sanjay_Chouhan,Mr.,Sanjay,,Chouhan,M,18_F,3,,2,1,1,1,1,1,14,0,Hindi,English,,FF3399747,AMTPB4483H,UID18_F,VISA18_F,No,*,,,,,,,,,,true,true,18_F
Shabbir_Husain,Mr.,Shabbir,,Husain,M,19_F,3,10/12/1999,3,1,1,1,1,1,14,0,Hindi,English,,FF3399748,AMTPB4483H,UID19_F,VISA19_F,No,*,10/12/1999,,,,,,,,,true,true,19_F
Balbir_S Judge,Mr.,Balbir,,S Judge,M,20_F,3,19/12/1999,4,1,1,1,1,1,14,0,Hindi,English,,FF3399749,AMTPB4483H,UID20_F,VISA20_F,No,*,19/12/1999,,,,,,,,,true,true,20_F
Dr.Ritesh_Ochani,Mr.,Dr.Ritesh,,Ochani,M,21_F,3,28/07/1999,1,1,1,1,1,1,14,0,Hindi,English,,FF3399750,AMTPB4483H,UID21_F,VISA21_F,No,*,28/07/1999,,,,,,,,,true,true,21_F
Ravi_Sharma,Mr.,Ravi,,Sharma,M,22_F,3,25/07/1999,2,1,1,1,1,1,14,0,Hindi,English,,FF3399751,AMTPB4483H,UID22_F,VISA22_F,No,*,25/07/1999,,,,,,,,,true,true,22_F
Prakash_Rathod,Mr.,Prakash,,Rathod,M,23_F,3,25/02/1999,3,1,1,1,1,1,14,0,Hindi,English,,FF3399752,AMTPB4483H,UID23_F,VISA23_F,No,*,25/02/1999,,,,,,,,,true,true,23_F
Harish_Asrani,Mr.,Harish,,Asrani,M,24_F,3,28/10/1999,4,1,1,1,1,1,14,0,Hindi,English,,FF3399753,AMTPB4483H,UID24_F,VISA24_F,No,*,28/10/1999,,,,,,,,,true,true,24_F
Hemant_Baheti,Mr.,Hemant,,Baheti,M,25_F,3,23/08/1998,1,1,1,1,1,1,14,0,Hindi,English,,FF3399754,AMTPB4483H,UID25_F,VISA25_F,No,*,23/08/1998,,,,,,,,,true,true,25_F
Vijay_Ashrani,Mr.,Vijay,,Ashrani,M,26_F,3,09/09/1999,2,1,1,1,1,1,14,0,Hindi,English,,FF3399755,AMTPB4483H,UID26_F,VISA26_F,No,*,09/09/1999,,,,,,,,,true,true,26_F
Sanjay_Yadav,Mr.,Sanjay,,Yadav,M,27_F,3,23/09/1999,3,1,1,1,1,1,14,0,Hindi,English,,FF3399756,AMTPB4483H,UID27_F,VISA27_F,No,*,23/09/1999,,,,,,,,,true,true,27_F
Khalil_Ahmed,Mr.,Khalil,,Ahmed,M,28_F,3,10/01/1999,4,1,1,1,1,1,14,0,Hindi,English,,FF3399757,AMTPB4483H,UID28_F,VISA28_F,No,*,10/01/1999,,,,,,,,,true,true,28_F
Manoj_Jain,Mr.,Manoj,,Jain,M,29_F,3,21/07/2000,1,1,1,1,1,1,14,0,Hindi,English,,FF3399758,AMTPB4483H,UID29_F,VISA29_F,No,*,21/07/2000,,,,,,,,,true,true,29_F
Sudhur_Kanojiya,Mr.,Sudhur,,Kanojiya,M,30_F,3,13/10/1999,2,1,1,1,1,1,14,0,Hindi,English,,FF3399759,AMTPB4483H,UID30_F,VISA30_F,No,*,13/10/1999,,,,,,,,,true,true,30_F
Neela_Khamkar,Mr.,Neela,,Khamkar,M,31_F,3,14/02/2000,3,1,1,1,1,1,14,0,Hindi,English,,FF3399760,AMTPB4483H,UID31_F,VISA31_F,No,*,14/02/2000,,,,,,,,,true,true,31_F
Kishore_Gupta,Mr.,Kishore,,Gupta,M,32_F,3,14/05/1999,4,1,1,1,1,1,14,0,Hindi,English,,FF3399761,AMTPB4483H,UID32_F,VISA32_F,No,*,14/05/1999,,,,,,,,,true,true,32_F
Ashwin_Sharma,Mr.,Ashwin,,Sharma,M,33_F,3,17/07/1999,1,1,1,1,1,1,14,0,Hindi,English,,FF3399762,AMTPB4483H,UID33_F,VISA33_F,No,*,17/07/1999,,,,,,,,,true,true,33_F
Ajay_Kulkarni,Mr.,Ajay,,Kulkarni,M,34_F,3,19/05/1999,2,1,1,1,1,1,14,0,Hindi,English,,FF3399763,AMTPB4483H,UID34_F,VISA34_F,No,*,19/05/1999,,,,,,,,,true,true,34_F
Harish_Garg,Mr.,Harish,,Garg,M,35_F,3,30/12/1999,3,1,1,1,1,1,14,0,Hindi,English,,FF3399764,AMTPB4483H,UID35_F,VISA35_F,No,*,30/12/1999,,,,,,,,,true,true,35_F
Balkrishana_Kelkar,Mr.,Balkrishana,,Kelkar,M,36_F,3,22/12/1999,4,1,1,1,1,1,14,0,Hindi,English,,FF3399765,AMTPB4483H,UID36_F,VISA36_F,No,*,22/12/1999,,,,,,,,,true,true,36_F
Mahesh_Ishrani,Mr.,Mahesh,,Ishrani,M,37_F,3,04/02/1999,1,1,1,1,1,1,14,0,Hindi,English,,FF3399766,AMTPB4483H,UID37_F,VISA37_F,No,*,04/02/1999,,,,,,,,,true,true,37_F
Ashwin_Jaishwal,Mr.,Ashwin,,Jaishwal,M,38_F,3,17/07/1999,2,1,1,1,1,1,14,0,Hindi,English,,FF3399767,AMTPB4483H,UID38_F,VISA38_F,No,*,17/07/1999,,,,,,,,,true,true,38_F
Ashok_Bhatia,Mr.,Ashok,,Bhatia,M,39_F,3,23/09/1999,3,1,1,1,1,1,14,0,Hindi,English,,FF3399768,AMTPB4483H,UID39_F,VISA39_F,No,*,23/09/1999,,,,,,,,,true,true,39_F
Deepesh_Gangwal,Mr.,Deepesh,,Gangwal,M,40_F,3,08/10/1999,4,1,1,1,1,1,14,0,Hindi,English,,FF3399769,AMTPB4483H,UID40_F,VISA40_F,No,*,08/10/1999,,,,,,,,,true,true,40_F
D.Shubrimaniyam_Swami,Mr.,D.Shubrimaniyam,,Swami,M,41_F,3,04/01/1999,1,1,1,1,1,1,14,0,Hindi,English,,FF3399770,AMTPB4483H,UID41_F,VISA41_F,No,*,04/01/1999,,,,,,,,,true,true,41_F
Praveen_Khariwal,Mr.,Praveen,,Khariwal,M,42_F,3,30/03/ 2000,2,1,1,1,1,1,14,0,Hindi,English,,FF3399771,AMTPB4483H,UID42_F,VISA42_F,No,*,30/03/ 2000,,,,,,,,,true,true,42_F
G.S._Parihar,Mr.,G.S.,,Parihar,M,43_F,3,14/01/ 2000,3,1,1,1,1,1,14,0,Hindi,English,,FF3399772,AMTPB4483H,UID43_F,VISA43_F,No,*,14/01/ 2000,,,,,,,,,true,true,43_F
Dr.Rajindra_Makhani,Mr.,Dr.Rajindra,,Makhani,M,44_F,3,11/10/1999,4,1,1,1,1,1,14,0,Hindi,English,,FF3399773,AMTPB4483H,UID44_F,VISA44_F,No,*,11/10/1999,,,,,,,,,true,true,44_F
Manoj_Trivedi,Mr.,Manoj,,Trivedi,M,45_F,3,29/05/1999,1,1,1,1,1,1,14,0,Hindi,English,,FF3399774,AMTPB4483H,UID45_F,VISA45_F,No,*,29/05/1999,,,,,,,,,true,true,45_F
Anil_Sharma,Mr.,Anil,,Sharma,M,46_F,3,25/11/1999,2,1,1,1,1,1,14,0,Hindi,English,,FF3399775,AMTPB4483H,UID46_F,VISA46_F,No,*,25/11/1999,,,,,,,,,true,true,46_F
Satyendra_Dubey,Mr.,Satyendra,,Dubey,M,47_F,3,05/12/1999,3,1,1,1,1,1,14,0,Hindi,English,,FF3399776,AMTPB4483H,UID47_F,VISA47_F,No,*,05/12/1999,,,,,,,,,true,true,47_F
Prakash_Chawla,Mr.,Prakash,,Chawla,M,48_F,3,28/01/1999,4,1,1,1,1,1,14,0,Hindi,English,,FF3399777,AMTPB4483H,UID48_F,VISA48_F,No,*,28/01/1999,,,,,,,,,true,true,48_F
Basant_Pawar,Mr.,Basant,,Pawar,M,49_F,3,15/10/1999,1,1,1,1,1,1,14,0,Hindi,English,,FF3399778,AMTPB4483H,UID49_F,VISA49_F,No,*,15/10/1999,,,,,,,,,true,true,49_F
Dharmendra_singh,Mr.,Dharmendra,,singh,M,50_F,3,27/02/ 2000,2,1,1,1,1,1,14,0,Hindi,English,,FF3399779,AMTPB4483H,UID50_F,VISA50_F,No,*,27/02/ 2000,,,,,,,,,true,true,50_F
Rajesh_Rathi,Mr.,Rajesh,,Rathi,M,51_F,3,,3,1,1,1,1,1,14,0,Hindi,English,,FF3399780,AMTPB4483H,UID51_F,VISA51_F,No,*,,,,,,,,,,true,true,51_F
Dileep_Sharma,Mr.,Dileep,,Sharma,M,52_F,3,,4,1,1,1,1,1,14,0,Hindi,English,,FF3399781,AMTPB4483H,UID52_F,VISA52_F,No,*,,,,,,,,,,true,true,52_F
Anand_Jaiswal,Mr.,Anand,,Jaiswal,M,631_F,3,26/04/2000,1,1,1,1,1,1,14,0,Hindi,English,,FF3399782,AMTPB4483H,UID631_F,VISA631_F,No,*,26/04/2000,,,,,,,,,true,true,631_F
Avinash_Mishra,Mr.,Avinash,,Mishra,M,632_F,3,31/01/2000,2,1,1,1,1,1,14,0,Hindi,English,,FF3399783,AMTPB4483H,UID632_F,VISA632_F,No,*,31/01/2000,,,,,,,,,true,true,632_F
Nitin_Bhannare,Mr.,Nitin,,Bhannare,M,633_F,3,10/01/2000,3,1,1,1,1,1,14,0,Hindi,English,,FF3399784,AMTPB4483H,UID633_F,VISA633_F,No,*,10/01/2000,,,,,,,,,true,true,633_F
Janardan_Sharma,Mr.,Janardan,,Sharma,M,634_F,3,30/04/1999,4,1,1,1,1,1,14,0,Hindi,English,,FF3399785,AMTPB4483H,UID634_F,VISA634_F,No,*,30/04/1999,,,,,,,,,true,true,634_F
Deepak_Agrawal,Mr.,Deepak,,Agrawal,M,635_F,3,14/08/1999,1,1,1,1,1,1,14,0,Hindi,English,,FF3399786,AMTPB4483H,UID635_F,VISA635_F,No,*,14/08/1999,,,,,,,,,true,true,635_F
Dharmendra_ Jain,Mr.,Dharmendra,, Jain,M,636_F,3,19/12/1999,2,1,1,1,1,1,14,0,Hindi,English,,FF3399787,AMTPB4483H,UID636_F,VISA636_F,No,*,19/12/1999,,,,,,,,,true,true,636_F
Dharmendra_Tiwari,Mr.,Dharmendra,,Tiwari,M,637_F,3,29/11/1999,3,1,1,1,1,1,14,0,Hindi,English,,FF3399788,AMTPB4483H,UID637_F,VISA637_F,No,*,29/11/1999,,,,,,,,,true,true,637_F
Sunil_Jain,Mr.,Sunil,,Jain,M,638_F,3,10/10/1999,4,1,1,1,1,1,14,0,Hindi,English,,FF3399789,AMTPB4483H,UID638_F,VISA638_F,No,*,10/10/1999,,,,,,,,,true,true,638_F
Sanjay_Awasthi,Mr.,Sanjay,,Awasthi,M,639_F,3,17/06/1999,1,1,1,1,1,1,14,0,Hindi,English,,FF3399790,AMTPB4483H,UID639_F,VISA639_F,No,*,17/06/1999,,,,,,,,,true,true,639_F
Naieem_Khan,Mr.,Naieem,,Khan,M,6310_F,3,22/02/2000,2,1,1,1,1,1,14,0,Hindi,English,,FF3399791,AMTPB4483H,UID6310_F,VISA6310_F,No,*,22/02/2000,,,,,,,,,true,true,6310_F
Eric_Lazarus,Mr.,Eric,,Lazarus,M,6311_F,3,16/03/1999,3,1,1,1,1,1,14,0,Hindi,English,,FF3399792,AMTPB4483H,UID6311_F,VISA6311_F,No,*,16/03/1999,,,,,,,,,true,true,6311_F
Dr. Sanjay_Jain,Mr.,Dr. Sanjay,,Jain,M,6312_F,3,27/10/1999,4,1,1,1,1,1,14,0,Hindi,English,,FF3399793,AMTPB4483H,UID6312_F,VISA6312_F,No,*,27/10/1999,,,,,,,,,true,true,6312_F
Ashok_Patidar,Mr.,Ashok,,Patidar,M,6313_F,3,19/05/1998,1,1,1,1,1,1,14,0,Hindi,English,,FF3399794,AMTPB4483H,UID6313_F,VISA6313_F,No,*,19/05/1998,,,,,,,,,true,true,6313_F
Poonam Chandra_Sonkar,Mr.,Poonam Chandra,,Sonkar,M,6314_F,3,02/10/1999,2,1,1,1,1,1,14,0,Hindi,English,,FF3399795,AMTPB4483H,UID6314_F,VISA6314_F,No,*,02/10/1999,,,,,,,,,true,true,6314_F
Kanhaiyalal_Talreja,Mr.,Kanhaiyalal,,Talreja,M,6315_F,3,10/01/2000,3,1,1,1,1,1,14,0,Hindi,English,,FF3399796,AMTPB4483H,UID6315_F,VISA6315_F,No,*,10/01/2000,,,,,,,,,true,true,6315_F
C.K. Soni_Soni,Mr.,C.K. Soni,,Soni,M,6316_F,3,03/06/1999,4,1,1,1,1,1,14,0,Hindi,English,,FF3399797,AMTPB4483H,UID6316_F,VISA6316_F,No,*,03/06/1999,,,,,,,,,true,true,6316_F
Tarun_Jain,Mr.,Tarun,,Jain,M,6317_F,3,05/10/1999,1,1,1,1,1,1,14,0,Hindi,English,,FF3399798,AMTPB4483H,UID6317_F,VISA6317_F,No,*,05/10/1999,,,,,,,,,true,true,6317_F
Sharad_Tiwari,Mr.,Sharad,,Tiwari,M,6318_F,3,03/01/2000,2,1,1,1,1,1,14,0,Hindi,English,,FF3399799,AMTPB4483H,UID6318_F,VISA6318_F,No,*,03/01/2000,,,,,,,,,true,true,6318_F
Dr. S.C._Malviya,Mr.,Dr. S.C.,,Malviya,M,6319_F,3,19/10/1999,3,1,1,1,1,1,14,0,Hindi,English,,FF3399800,AMTPB4483H,UID6319_F,VISA6319_F,No,*,19/10/1999,,,,,,,,,true,true,6319_F
Javed_Khan,Mr.,Javed,Ahmed,Khan,M,6320_F,3,09/11/1999,4,1,1,1,1,1,14,0,Hindi,English,,FF3399801,AMTPB4483H,UID6320_F,VISA6320_F,No,*,09/11/1999,,,,,,,,,true,true,6320_F
Sanjay_Masih,Mr.,Sanjay,,Masih,M,6321_F,3,28/03/1999,1,1,1,1,1,1,14,0,Hindi,English,,FF3399802,AMTPB4483H,UID6321_F,VISA6321_F,No,*,28/03/1999,,,,,,,,,true,true,6321_F
Balmukund_Verma,Mr.,Balmukund,,Verma,M,6322_F,3,24/08/1999,2,1,1,1,1,1,14,0,Hindi,English,,FF3399803,AMTPB4483H,UID6322_F,VISA6322_F,No,*,24/08/1999,,,,,,,,,true,true,6322_F
Ravi_Gurnani,Mr.,Ravi,,Gurnani,M,6323_F,3,03/03/2000,3,1,1,1,1,1,14,0,Hindi,English,,FF3399804,AMTPB4483H,UID6323_F,VISA6323_F,No,*,03/03/2000,,,,,,,,,true,true,6323_F
Pradeep_Shukla,Mr.,Pradeep,,Shukla,M,6324_F,3,21/03/1999,4,1,1,1,1,1,14,0,Hindi,English,,FF3399805,AMTPB4483H,UID6324_F,VISA6324_F,No,*,21/03/1999,,,,,,,,,true,true,6324_F
Manmohan_Palod,Mr.,Manmohan,,Palod,M,6325_F,3,18/06/1999,1,1,1,1,1,1,14,0,Hindi,English,,FF3399806,AMTPB4483H,UID6325_F,VISA6325_F,No,*,18/06/1999,,,,,,,,,true,true,6325_F
Ashok_Neema,Mr.,Ashok,,Neema,M,6326_F,3,17/01/1999,2,1,1,1,1,1,14,0,Hindi,English,,FF3399807,AMTPB4483H,UID6326_F,VISA6326_F,No,*,17/01/1999,,,,,,,,,true,true,6326_F
Mohd. Rahim_Khan,Mr.,Mohd. Rahim,Aasim,Khan,M,6327_F,3,15/12/1999,3,1,1,1,1,1,14,0,Hindi,English,,FF3399808,AMTPB4483H,UID6327_F,VISA6327_F,No,*,15/12/1999,,,,,,,,,true,true,6327_F
Mohd. Afaq_Ali Dehlvi,Mr.,Mohd. Afaq,,Ali Dehlvi,M,6328_F,3,18/08/1999,4,1,1,1,1,1,14,0,Hindi,English,,FF3399809,AMTPB4483H,UID6328_F,VISA6328_F,No,*,18/08/1999,,,,,,,,,true,true,6328_F
Shabbir_Dewaswala,Mr.,Shabbir,,Dewaswala,M,6329_F,3,04/05/1998,1,1,1,1,1,1,14,0,Hindi,English,,FF3399810,AMTPB4483H,UID6329_F,VISA6329_F,No,*,04/05/1998,,,,,,,,,true,true,6329_F
Hira Singh_Jadhav,Mr.,Hira Singh,,Jadhav,M,6330_F,3,17/09/1999,2,1,1,1,1,1,14,0,Hindi,English,,FF3399811,AMTPB4483H,UID6330_F,VISA6330_F,No,*,17/09/1999,,,,,,,,,true,true,6330_F
Dinesh_Verma,Mr.,Dinesh,,Verma,M,6331_F,3,01/01/2000,3,1,1,1,1,1,14,0,Hindi,English,,FF3399812,AMTPB4483H,UID6331_F,VISA6331_F,No,*,01/01/2000,,,,,,,,,true,true,6331_F
Pankaj_Jain,Mr.,Pankaj,,Jain,M,6332_F,3,28/07/1999,4,1,1,1,1,1,14,0,Hindi,English,,FF3399813,AMTPB4483H,UID6332_F,VISA6332_F,No,*,28/07/1999,,,,,,,,,true,true,6332_F
Kamal Kumar_Sharma,Mr.,Kamal Kumar,,Sharma,M,6333_F,3,12/04/1998,1,1,1,1,1,1,14,0,Hindi,English,,FF3399814,AMTPB4483H,UID6333_F,VISA6333_F,No,*,12/04/1998,,,,,,,,,true,true,6333_F
Shakrendra_Jain,Mr.,Shakrendra,,Jain,M,6334_F,3,12/08/1999,2,1,1,1,1,1,14,0,Hindi,English,,FF3399815,AMTPB4483H,UID6334_F,VISA6334_F,No,*,12/08/1999,,,,,,,,,true,true,6334_F
Rajkumar_Jain,Mr.,Rajkumar,,Jain,M,6335_F,3,19/07/1999,3,1,1,1,1,1,14,0,Hindi,English,,FF3399816,AMTPB4483H,UID6335_F,VISA6335_F,No,*,19/07/1999,,,,,,,,,true,true,6335_F
Late. Rajendra_Dubey,Mr.,Late. Rajendra,,Dubey,M,6336_F,3,27/09/1999,4,1,1,1,1,1,14,0,Hindi,English,,FF3399817,AMTPB4483H,UID6336_F,VISA6336_F,No,*,27/09/1999,,,,,,,,,true,true,6336_F
Sanjeev_Joshi,Mr.,Sanjeev,,Joshi,M,6337_F,3,14/08/1999,1,1,1,1,1,1,14,0,Hindi,English,,FF3399818,AMTPB4483H,UID6337_F,VISA6337_F,No,*,14/08/1999,,,,,,,,,true,true,6337_F
Bobby Jacob_Bobby,Mr.,Bobby Jacob,,Bobby,M,6338_F,3,27/07/1999,2,1,1,1,1,1,14,0,Hindi,English,,FF3399819,AMTPB4483H,UID6338_F,VISA6338_F,No,*,27/07/1999,,,,,,,,,true,true,6338_F
Padmesh_Joshi,Mr.,Padmesh,,Joshi,M,6339_F,3,03/09/1999,3,1,1,1,1,1,14,0,Hindi,English,,FF3399820,AMTPB4483H,UID6339_F,VISA6339_F,No,*,03/09/1999,,,,,,,,,true,true,6339_F
Salil_Saxena,Mr.,Salil,,Saxena,M,6340_F,3,12/12/1999,4,1,1,1,1,1,14,0,Hindi,English,,FF3399821,AMTPB4483H,UID6340_F,VISA6340_F,No,*,12/12/1999,,,,,,,,,true,true,6340_F
Shatrughan_Jariya,Mr.,Shatrughan,,Jariya,M,6341_F,3,04/10/1999,1,1,1,1,1,1,14,0,Hindi,English,,FF3399822,AMTPB4483H,UID6341_F,VISA6341_F,No,*,04/10/1999,,,,,,,,,true,true,6341_F
Anil_Kanojiya,Mr.,Anil,,Kanojiya,M,6342_F,3,14/12/1999,2,1,1,1,1,1,14,0,Hindi,English,,FF3399823,AMTPB4483H,UID6342_F,VISA6342_F,No,*,14/12/1999,,,,,,,,,true,true,6342_F
Joseph Antony_Joseph,Mr.,Joseph Antony,,Joseph,M,6343_F,3,11/06/1999,3,1,1,1,1,1,14,0,Hindi,English,,FF3399824,AMTPB4483H,UID6343_F,VISA6343_F,No,*,11/06/1999,,,,,,,,,true,true,6343_F
Man Singh_Arya,Mr.,Man Singh,,Arya,M,6344_F,3,20/12/1998,4,1,1,1,1,1,14,0,Hindi,English,,FF3399825,AMTPB4483H,UID6344_F,VISA6344_F,No,*,20/12/1998,,,,,,,,,true,true,6344_F
Premendra_Pote,Mr.,Premendra,,Pote,M,6345_F,3,17/11/1999,1,1,1,1,1,1,14,0,Hindi,English,,FF3399826,AMTPB4483H,UID6345_F,VISA6345_F,No,*,17/11/1999,,,,,,,,,true,true,6345_F
H.S.Kapoor_Kapoor,Mr.,H.S.Kapoor,,Kapoor,M,6346_F,3,31/07/1999,2,1,1,1,1,1,14,0,Hindi,English,,FF3399827,AMTPB4483H,UID6346_F,VISA6346_F,No,*,31/07/1999,,,,,,,,,true,true,6346_F
Suresh_Agrawal,Mr.,Suresh,,Agrawal,M,6347_F,3,11/05/1999,3,1,1,1,1,1,14,0,Hindi,English,,FF3399828,AMTPB4483H,UID6347_F,VISA6347_F,No,*,11/05/1999,,,,,,,,,true,true,6347_F
Ganendra_Yadav,Mr.,Ganendra,,Yadav,M,6348_F,3,08/10/1999,4,1,1,1,1,1,14,0,Hindi,English,,FF3399829,AMTPB4483H,UID6348_F,VISA6348_F,No,*,08/10/1999,,,,,,,,,true,true,6348_F
Anand_Bhatia,Mr.,Anand,,Bhatia,M,6349_F,3,06/12/1999,1,1,1,1,1,1,14,0,Hindi,English,,FF3399830,AMTPB4483H,UID6349_F,VISA6349_F,No,*,06/12/1999,,,,,,,,,true,true,6349_F
M.S.Keskar_Keskar,Mr.,M.S.Keskar,,Keskar,M,6350_F,3,27/10/1999,2,1,1,1,1,1,14,0,Hindi,English,,FF3399831,AMTPB4483H,UID6350_F,VISA6350_F,No,*,27/10/1999,,,,,,,,,true,true,6350_F
Ajay_Kamal ,Mr.,Ajay,,Kamal ,M,6351_F,3,08/03/1999,3,1,1,1,1,1,14,0,Hindi,English,,FF3399832,AMTPB4483H,UID6351_F,VISA6351_F,No,*,08/03/1999,,,,,,,,,true,true,6351_F
Jitesh_Kothari,Mr.,Jitesh,,Kothari,M,6352_F,3,27/10/1999,4,1,1,1,1,1,14,0,Hindi,English,,FF3399833,AMTPB4483H,UID6352_F,VISA6352_F,No,*,27/10/1999,,,,,,,,,true,true,6352_F
aamir_khan,Mr.,Aamir ,,Khan,M,101,2,18/06/99,1,1,1,1,1,1,14,0,Hindi,English,,FF3399834,AMTPB4483H,UID101,VISA101,No,*,18/06/99,,,,,,,,,true,true,101
aayush_kuril,Mr.,Aayush ,,Kuril,M,102,2,8/8/1999,2,1,1,1,1,1,14,0,Hindi,English,,FF3399835,AMTPB4483H,UID102,VISA102,No,*,8/8/1999,,,,,,,,,true,true,102
adarsh_rathore,Mr.,Adarsh ,,Rathore,M,103,2,30/11/98,3,1,1,1,1,1,14,0,Hindi,English,,FF3399836,AMTPB4483H,UID103,VISA103,No,*,30/11/98,,,,,,,,,true,true,103
aditya_sharma,Mr.,Aditya ,,Sharma,M,104,2,1/5/1999,4,1,1,1,1,1,14,0,Hindi,English,,FF3399837,AMTPB4483H,UID104,VISA104,No,*,1/5/1999,,,,,,,,,true,true,104
aman_sharma,Mr.,Aman ,,Sharma,M,105,2,16/03/99,1,1,1,1,1,1,14,0,Hindi,English,,FF3399838,AMTPB4483H,UID105,VISA105,No,*,16/03/99,,,,,,,,,true,true,105
amey_oza,Mr.,Amey ,,Oza,M,106,2,26/05/99,2,1,1,1,1,1,14,0,Hindi,English,,FF3399839,AMTPB4483H,UID106,VISA106,No,*,26/05/99,,,,,,,,,true,true,106
amit_palshikar,Mr.,Amit ,,Palshikar,M,107,2,7/10/1999,3,1,1,1,1,1,14,0,Hindi,English,,FF3399840,AMTPB4483H,UID107,VISA107,No,*,7/10/1999,,,,,,,,,true,true,107
aniruddha_sharma,Mr.,Aniruddha ,,Sharma,M,108,2,22/11/99,4,1,1,1,1,1,14,0,Hindi,English,,FF3399841,AMTPB4483H,UID108,VISA108,No,*,22/11/99,,,,,,,,,true,true,108
anuj_joshi,Mr.,Anuj ,,Joshi,M,109,2,21/02/99,1,1,1,1,1,1,14,0,Hindi,English,,FF3399842,AMTPB4483H,UID109,VISA109,No,*,21/02/99,,,,,,,,,true,true,109
ashutosh_panchal,Mr.,Ashutosh ,,Panchal,M,110,2,1/1/2000,2,1,1,1,1,1,14,0,Hindi,English,,FF3399843,AMTPB4483H,UID110,VISA110,No,*,1/1/2000,,,,,,,,,true,true,110
atishay_sethi,Mr.,Atishay ,,Sethi,M,111,2,16/05/99,3,1,1,1,1,1,14,0,Hindi,English,,FF3399844,AMTPB4483H,UID111,VISA111,No,*,16/05/99,,,,,,,,,true,true,111
darshit_jain,Mr.,Darshit ,,Jain,M,112,2,9/6/1999,4,1,1,1,1,1,14,0,Hindi,English,,FF3399845,AMTPB4483H,UID112,VISA112,No,*,9/6/1999,,,,,,,,,true,true,112
adhir_lot,Mst.,Adhir ,,Lot,M,1,1,11/04/1999,1,1,1,1,1,1,14,0,Hindi,English,,FF3399626,AMTPB4483H,UID1,VISA1,No,*,11/04/1999,,,,,,,X,A,true,true,1_F
aditya_parihar,Mst.,Aditya ,,Parihar,M,2,1,11/06/ 2000,2,1,1,1,1,1,14,0,Hindi,English,,FF3399627,AMTPB4483H,UID2,VISA2,No,*,11/06/ 2000,,,,,,,X,A,true,true,2_F
aditya_sharma1,Mst.,Aditya ,,Sharma,M,3,1,16/08/1999,3,1,1,1,1,1,14,0,Hindi,English,,FF3399628,AMTPB4483H,UID3,VISA3,No,*,16/08/1999,,,,,,,X,A,true,true,3_F
allen_peter,Mst.,Allen ,,Peter,M,4,1,30/07/1999,4,1,1,1,1,1,14,0,Hindi,English,,FF3399629,AMTPB4483H,UID4,VISA4,No,*,30/07/1999,,,,,,,X,A,true,true,4_F
aman_agrawal,Mst.,Aman ,,Agrawal,M,5,1,22/02/1999,1,1,1,1,1,1,14,0,Hindi,English,,FF3399630,AMTPB4483H,UID5,VISA5,No,*,22/02/1999,,,,,,,X,A,true,true,5_F
apoorv_dubey1,Mst.,Apoorv ,,Dubey,M,6,1,12/08/1999,2,1,1,1,1,1,14,0,Hindi,English,,FF3399631,AMTPB4483H,UID6,VISA6,No,*,12/08/1999,,,,,,,X,A,true,true,6_F
atharv_yadav,Mst.,Atharv ,,Yadav,M,7,1,04/08/1999,3,1,1,1,1,1,14,0,Hindi,English,,FF3399632,AMTPB4483H,UID7,VISA7,No,*,04/08/1999,,,,,,,X,A,true,true,7_F
atif_irshad,Mst.,Atif ,,Irshad,M,8,1,07/12/1998,4,1,1,1,1,1,14,0,Hindi,English,,FF3399633,AMTPB4483H,UID8,VISA8,No,*,07/12/1998,,,,,,,X,A,true,true,8_F
ausaf_ahmad_siddiqui,Mst.,Ausaf ,Ahmad,Siddiqui,M,9,1,24/07/1999,1,1,1,1,1,1,14,0,Hindi,English,,FF3399634,AMTPB4483H,UID9,VISA9,No,*,24/07/1999,,,,,,,X,A,true,true,9_F
ayush_dua,Mst.,Ayush ,,Dua,M,10,1,29/07/1999,2,1,1,1,1,1,14,0,Hindi,English,,FF3399635,AMTPB4483H,UID10,VISA10,No,*,29/07/1999,,,,,,,X,A,true,true,10_F
chinmay_manjrekar,Mst.,Chinmay ,,Manjrekar,M,11,1,18/03/1999,3,1,1,1,1,1,14,0,Hindi,English,,FF3399636,AMTPB4483H,UID11,VISA11,No,*,18/03/1999,,,,,,,X,A,true,true,11_F
chinmay_shrivastava,Mst.,Chinmay ,,Shrivastava,M,12,1,06/07/1999,4,1,1,1,1,1,14,0,Hindi,English,,FF3399637,AMTPB4483H,UID12,VISA12,No,*,06/07/1999,,,,,,,X,A,true,true,12_F
daksh_parihar,Mst.,Daksh ,,Parihar,M,13,1,02/08/1999,1,1,1,1,1,1,14,0,Hindi,English,,FF3399638,AMTPB4483H,UID13,VISA13,No,*,02/08/1999,,,,,,,X,A,true,true,13_F
dhananjay_johsi,Mst.,Dhananjay ,,Johsi,M,14,1,22/02/1998,2,1,1,1,1,1,14,0,Hindi,English,,FF3399639,AMTPB4483H,UID14,VISA14,No,*,22/02/1998,,,,,,,X,A,true,true,14_F
divyam_k_shrivastava,Mst.,Divyam ,K,Shrivastava,M,15,1,08/12/1999,3,1,1,1,1,1,14,0,Hindi,English,,FF3399640,AMTPB4483H,UID15,VISA15,No,*,08/12/1999,,,,,,,X,A,true,true,15_F
gandharva_choudhary,Mst.,Gandharva ,,Choudhary,M,16,1,26/12/1999,4,1,1,1,1,1,14,0,Hindi,English,,FF3399641,AMTPB4483H,UID16,VISA16,No,*,26/12/1999,,,,,,,X,A,true,true,16_F
hardik_badjatiya,Mst.,Hardik ,,Badjatiya,M,17,1,13/07/1999,1,1,1,1,1,1,14,0,Hindi,English,,FF3399642,AMTPB4483H,UID17,VISA17,No,*,13/07/1999,,,,,,,X,A,true,true,17_F
himanshu_chouhan,Mst.,Himanshu ,,Chouhan,M,18,1,,2,1,1,1,1,1,14,0,Hindi,English,,FF3399643,AMTPB4483H,UID18,VISA18,No,*,,,,,,,,X,A,true,true,18_F
huzefa_collegewala,Mst.,Huzefa ,,Collegewala,M,19,1,10/12/1999,3,1,1,1,1,1,14,0,Hindi,English,,FF3399644,AMTPB4483H,UID19,VISA19,No,*,10/12/1999,,,,,,,X,A,true,true,19_F
Jasraj_S_Judge,Mst.,Jasraj ,S,Judge,M,20,1,19/12/1999,4,1,1,1,1,1,14,0,Hindi,English,,FF3399645,AMTPB4483H,UID20,VISA20,No,*,19/12/1999,,,,,,,X,A,true,true,20_F
Jitesh_Ochani,Mst.,Jitesh ,,Ochani,M,21,1,28/07/1999,1,1,1,1,1,1,14,0,Hindi,English,,FF3399646,AMTPB4483H,UID21,VISA21,No,*,28/07/1999,,,,,,,X,A,true,true,21_F
Kartikey_Sharma,Mst.,Kartikey ,,Sharma,M,22,1,25/07/1999,2,1,1,1,1,1,14,0,Hindi,English,,FF3399647,AMTPB4483H,UID22,VISA22,No,*,25/07/1999,,,,,,,X,A,true,true,22_F
Kavish_Rathod,Mst.,Kavish ,,Rathod,M,23,1,25/02/1999,3,1,1,1,1,1,14,0,Hindi,English,,FF3399648,AMTPB4483H,UID23,VISA23,No,*,25/02/1999,,,,,,,X,A,true,true,23_F
Kunal_Asrani,Mst.,Kunal ,,Asrani,M,24,1,28/10/1999,4,1,1,1,1,1,14,0,Hindi,English,,FF3399649,AMTPB4483H,UID24,VISA24,No,*,28/10/1999,,,,,,,X,A,true,true,24_F
Malay_Baheti,Mst.,Malay ,,Baheti,M,25,1,23/08/1998,1,1,1,1,1,1,14,0,Hindi,English,,FF3399650,AMTPB4483H,UID25,VISA25,No,*,23/08/1998,,,,,,,X,A,true,true,25_F
Mayur_Israni,Mst.,Mayur ,,Israni,M,26,1,09/09/1999,2,1,1,1,1,1,14,0,Hindi,English,,FF3399651,AMTPB4483H,UID26,VISA26,No,*,09/09/1999,,,,,,,X,A,true,true,26_F
Mehul_Yadav,Mst.,Mehul ,,Yadav,M,27,1,23/09/1999,3,1,1,1,1,1,14,0,Hindi,English,,FF3399652,AMTPB4483H,UID27,VISA27,No,*,23/09/1999,,,,,,,X,A,true,true,27_F
Mohd._Saim_Bin_Khalil,Mst.,Mohd. ,Saim Bin,Saim Bin Khalil,M,28,1,10/01/1999,4,1,1,1,1,1,14,0,Hindi,English,,FF3399653,AMTPB4483H,UID28,VISA28,No,*,10/01/1999,,,,,,,X,A,true,true,28_F
Mohit_Jain,Mst.,Mohit ,,Jain,M,29,1,21/07/2000,1,1,1,1,1,1,14,0,Hindi,English,,FF3399654,AMTPB4483H,UID29,VISA29,No,*,21/07/2000,,,,,,,X,A,true,true,29_F
Neehal_Kanojiya,Mst.,Neehal ,,Kanojiya,M,30,1,13/10/1999,2,1,1,1,1,1,14,0,Hindi,English,,FF3399655,AMTPB4483H,UID30,VISA30,No,*,13/10/1999,,,,,,,X,A,true,true,30_F
Ojas_Khamkar,Mst.,Ojas ,,Khamkar,M,31,1,14/02/2000,3,1,1,1,1,1,14,0,Hindi,English,,FF3399656,AMTPB4483H,UID31,VISA31,No,*,14/02/2000,,,,,,,X,A,true,true,31_F
Palash_Gupta,Mst.,Palash ,,Gupta,M,32,1,14/05/1999,4,1,1,1,1,1,14,0,Hindi,English,,FF3399657,AMTPB4483H,UID32,VISA32,No,*,14/05/1999,,,,,,,X,A,true,true,32_F
Parth_Sharma,Mst.,Parth ,,Sharma,M,33,1,17/07/1999,1,1,1,1,1,1,14,0,Hindi,English,,FF3399658,AMTPB4483H,UID33,VISA33,No,*,17/07/1999,,,,,,,X,A,true,true,33_F
Piyush_Kulkarni,Mst.,Piyush ,,Kulkarni,M,34,1,19/05/1999,2,1,1,1,1,1,14,0,Hindi,English,,FF3399659,AMTPB4483H,UID34,VISA34,No,*,19/05/1999,,,,,,,X,A,true,true,34_F
Pranay_Garg,Mst.,Pranay ,,Garg,M,35,1,30/12/1999,3,1,1,1,1,1,14,0,Hindi,English,,FF3399660,AMTPB4483H,UID35,VISA35,No,*,30/12/1999,,,,,,,X,A,true,true,35_F
Prasad_Kelkar,Mst.,Prasad ,,Kelkar,M,36,1,22/12/1999,4,1,1,1,1,1,14,0,Hindi,English,,FF3399661,AMTPB4483H,UID36,VISA36,No,*,22/12/1999,,,,,,,X,A,true,true,36_F
Prateek_Israni,Mst.,Prateek ,,Israni,M,37,1,04/02/1999,1,1,1,1,1,1,14,0,Hindi,English,,FF3399662,AMTPB4483H,UID37,VISA37,No,*,04/02/1999,,,,,,,X,A,true,true,37_F
Priyesh_Jaiswal,Mst.,Priyesh ,,Jaiswal,M,38,1,17/07/1999,2,1,1,1,1,1,14,0,Hindi,English,,FF3399663,AMTPB4483H,UID38,VISA38,No,*,17/07/1999,,,,,,,X,A,true,true,38_F
Rohit_Bhatia,Mst.,Rohit ,,Bhatia,M,39,1,23/09/1999,3,1,1,1,1,1,14,0,Hindi,English,,FF3399664,AMTPB4483H,UID39,VISA39,No,*,23/09/1999,,,,,,,X,A,true,true,39_F
Ronak_Gangwal,Mst.,Ronak ,,Gangwal,M,40,1,08/10/1999,4,1,1,1,1,1,14,0,Hindi,English,,FF3399665,AMTPB4483H,UID40,VISA40,No,*,08/10/1999,,,,,,,X,A,true,true,40_F
S.Yesudhasan,Mst.,S.,,Yesudhasan,M,41,1,04/01/1999,1,1,1,1,1,1,14,0,Hindi,English,,FF3399666,AMTPB4483H,UID41,VISA41,No,*,04/01/1999,,,,,,,X,A,true,true,41_F
Sarthak_Khariwal,Mst.,Sarthak ,,Khariwal,M,42,1,30/03/ 2000,2,1,1,1,1,1,14,0,Hindi,English,,FF3399667,AMTPB4483H,UID42,VISA42,No,*,30/03/ 2000,,,,,,,X,A,true,true,42_F
Sarthak_Singh,Mst.,Sarthak ,,Singh,M,43,1,14/01/ 2000,3,1,1,1,1,1,14,0,Hindi,English,,FF3399668,AMTPB4483H,UID43,VISA43,No,*,14/01/ 2000,,,,,,,X,A,true,true,43_F
Shaleen_Makhani,Mst.,Shaleen ,,Makhani,M,44,1,11/10/1999,4,1,1,1,1,1,14,0,Hindi,English,,FF3399669,AMTPB4483H,UID44,VISA44,No,*,11/10/1999,,,,,,,X,A,true,true,44_F
Sparsh_Trivedi,Mst.,Sparsh ,,Trivedi,M,45,1,29/05/1999,1,1,1,1,1,1,14,0,Hindi,English,,FF3399670,AMTPB4483H,UID45,VISA45,No,*,29/05/1999,,,,,,,X,A,true,true,45_F
Suyash_Sharma,Mst.,Suyash ,,Sharma,M,46,1,25/11/1999,2,1,1,1,1,1,14,0,Hindi,English,,FF3399671,AMTPB4483H,UID46,VISA46,No,*,25/11/1999,,,,,,,X,A,true,true,46_F
Vaibhav_Dubey,Mst.,Vaibhav ,,Dubey,M,47,1,05/12/1999,3,1,1,1,1,1,14,0,Hindi,English,,FF3399672,AMTPB4483H,UID47,VISA47,No,*,05/12/1999,,,,,,,X,A,true,true,47_F
Varun_Chawla,Mst.,Varun ,,Chawla,M,48,1,28/01/1999,4,1,1,1,1,1,14,0,Hindi,English,,FF3399673,AMTPB4483H,UID48,VISA48,No,*,28/01/1999,,,,,,,X,A,true,true,48_F
Varun_Pawar,Mst.,Varun ,,Pawar,M,49,1,15/10/1999,1,1,1,1,1,1,14,0,Hindi,English,,FF3399674,AMTPB4483H,UID49,VISA49,No,*,15/10/1999,,,,,,,X,A,true,true,49_F
Yashveer_Singh_Jhala,Mst.,Yashveer ,Singh,Jhala,M,50,1,27/02/ 2000,2,1,1,1,1,1,14,0,Hindi,English,,FF3399675,AMTPB4483H,UID50,VISA50,No,*,27/02/ 2000,,,,,,,X,A,true,true,50_F
Utkarsh_Rathi,Mst.,Utkarsh ,,Rathi,M,51,1,,3,1,1,1,1,1,14,0,Hindi,English,,FF3399676,AMTPB4483H,UID51,VISA51,No,*,,,,,,,,X,A,true,true,51_F
Chirayu_Sharma,Mst.,Chirayu ,,Sharma,M,52,1,,4,1,1,1,1,1,14,0,Hindi,English,,FF3399677,AMTPB4483H,UID52,VISA52,No,*,,,,,,,,X,A,true,true,52_F
Akshay_Jaiswal,Mst.,Akshay,,Jaiswal,M,631,1,26/04/2000,1,1,1,1,1,1,14,0,Hindi,English,,FF3399678,AMTPB4483H,UID631,VISA631,No,*,26/04/2000,,,,,,,VI,C,true,true,631_F
Ambuj_Mishra,Mst.,Ambuj,,Mishra,M,632,1,31/01/2000,2,1,1,1,1,1,14,0,Hindi,English,,FF3399679,AMTPB4483H,UID632,VISA632,No,*,31/01/2000,,,,,,,VI,C,true,true,632_F
Ameya_Bhannare,Mst.,Ameya,,Bhannare,M,633,1,10/01/2000,3,1,1,1,1,1,14,0,Hindi,English,,FF3399680,AMTPB4483H,UID633,VISA633,No,*,10/01/2000,,,,,,,VI,C,true,true,633_F
Aniket_Sharma,Mst.,Aniket,,Sharma,M,634,1,30/04/1999,4,1,1,1,1,1,14,0,Hindi,English,,FF3399681,AMTPB4483H,UID634,VISA634,No,*,30/04/1999,,,,,,,VI,C,true,true,634_F
Animesh_Agrawal,Mst.,Animesh,,Agrawal,M,635,1,14/08/1999,1,1,1,1,1,1,14,0,Hindi,English,,FF3399682,AMTPB4483H,UID635,VISA635,No,*,14/08/1999,,,,,,,VI,C,true,true,635_F
Animesh_ Jain,Mst.,Animesh,, Jain,M,636,1,19/12/1999,2,1,1,1,1,1,14,0,Hindi,English,,FF3399683,AMTPB4483H,UID636,VISA636,No,*,19/12/1999,,,,,,,VI,C,true,true,636_F
Anshul_Tiwari,Mst.,Anshul,,Tiwari,M,637,1,29/11/1999,3,1,1,1,1,1,14,0,Hindi,English,,FF3399684,AMTPB4483H,UID637,VISA637,No,*,29/11/1999,,,,,,,VI,C,true,true,637_F
Anuj_Jain,Mst.,Anuj,,Jain,M,638,1,10/10/1999,4,1,1,1,1,1,14,0,Hindi,English,,FF3399685,AMTPB4483H,UID638,VISA638,No,*,10/10/1999,,,,,,,VI,C,true,true,638_F
Audarya_Awasthi,Mst.,Audarya,,Awasthi,M,639,1,17/06/1999,1,1,1,1,1,1,14,0,Hindi,English,,FF3399686,AMTPB4483H,UID639,VISA639,No,*,17/06/1999,,,,,,,VI,C,true,true,639_F
Azim_Khan,Mst.,Azim,,Khan,M,6310,1,22/02/2000,2,1,1,1,1,1,14,0,Hindi,English,,FF3399687,AMTPB4483H,UID6310,VISA6310,No,*,22/02/2000,,,,,,,VI,C,true,true,6310_F
Chris_Lazarus,Mst.,Chris,,Lazarus,M,6311,1,16/03/1999,3,1,1,1,1,1,14,0,Hindi,English,,FF3399688,AMTPB4483H,UID6311,VISA6311,No,*,16/03/1999,,,,,,,VI,C,true,true,6311_F
Ekatva_Jain,Mst.,Ekatva,,Jain,M,6312,1,27/10/1999,4,1,1,1,1,1,14,0,Hindi,English,,FF3399689,AMTPB4483H,UID6312,VISA6312,No,*,27/10/1999,,,,,,,VI,C,true,true,6312_F
Gaurav_Patidar,Mst.,Gaurav,,Patidar,M,6313,1,19/05/1998,1,1,1,1,1,1,14,0,Hindi,English,,FF3399690,AMTPB4483H,UID6313,VISA6313,No,*,19/05/1998,,,,,,,VI,C,true,true,6313_F
Gaurav_Sonkar,Mst.,Gaurav,,Sonkar,M,6314,1,02/10/1999,2,1,1,1,1,1,14,0,Hindi,English,,FF3399691,AMTPB4483H,UID6314,VISA6314,No,*,02/10/1999,,,,,,,VI,C,true,true,6314_F
Girish_Talreja,Mst.,Girish,,Talreja,M,6315,1,10/01/2000,3,1,1,1,1,1,14,0,Hindi,English,,FF3399692,AMTPB4483H,UID6315,VISA6315,No,*,10/01/2000,,,,,,,VI,C,true,true,6315_F
Hardik_Soni,Mst.,Hardik,,Soni,M,6316,1,03/06/1999,4,1,1,1,1,1,14,0,Hindi,English,,FF3399693,AMTPB4483H,UID6316,VISA6316,No,*,03/06/1999,,,,,,,VI,C,true,true,6316_F
Harshit_Jain,Mst.,Harshit,,Jain,M,6317,1,05/10/1999,1,1,1,1,1,1,14,0,Hindi,English,,FF3399694,AMTPB4483H,UID6317,VISA6317,No,*,05/10/1999,,,,,,,VI,C,true,true,6317_F
Ishaan_Tiwari,Mst.,Ishaan,,Tiwari,M,6318,1,03/01/2000,2,1,1,1,1,1,14,0,Hindi,English,,FF3399695,AMTPB4483H,UID6318,VISA6318,No,*,03/01/2000,,,,,,,VI,C,true,true,6318_F
Ishansh_Malviya,Mst.,Ishansh,,Malviya,M,6319,1,19/10/1999,3,1,1,1,1,1,14,0,Hindi,English,,FF3399696,AMTPB4483H,UID6319,VISA6319,No,*,19/10/1999,,,,,,,VI,C,true,true,6319_F
Jasim_Khan,Mst.,Jasim,Ahmed,Khan,M,6320,1,09/11/1999,4,1,1,1,1,1,14,0,Hindi,English,,FF3399697,AMTPB4483H,UID6320,VISA6320,No,*,09/11/1999,,,,,,,VI,C,true,true,6320_F
Jason_Masih,Mst.,Jason,,Masih,M,6321,1,28/03/1999,1,1,1,1,1,1,14,0,Hindi,English,,FF3399698,AMTPB4483H,UID6321,VISA6321,No,*,28/03/1999,,,,,,,VI,C,true,true,6321_F
Jatin_Verma,Mst.,Jatin,,Verma,M,6322,1,24/08/1999,2,1,1,1,1,1,14,0,Hindi,English,,FF3399699,AMTPB4483H,UID6322,VISA6322,No,*,24/08/1999,,,,,,,VI,C,true,true,6322_F
Jayesh_Gurnani,Mst.,Jayesh,,Gurnani,M,6323,1,03/03/2000,3,1,1,1,1,1,14,0,Hindi,English,,FF3399700,AMTPB4483H,UID6323,VISA6323,No,*,03/03/2000,,,,,,,VI,C,true,true,6323_F
Love_Shukla,Mst.,Love,,Shukla,M,6324,1,21/03/1999,4,1,1,1,1,1,14,0,Hindi,English,,FF3399701,AMTPB4483H,UID6324,VISA6324,No,*,21/03/1999,,,,,,,VI,C,true,true,6324_F
Meet_Palod,Mst.,Meet,,Palod,M,6325,1,18/06/1999,1,1,1,1,1,1,14,0,Hindi,English,,FF3399702,AMTPB4483H,UID6325,VISA6325,No,*,18/06/1999,,,,,,,VI,C,true,true,6325_F
Mihir_Neema,Mst.,Mihir,,Neema,M,6326,1,17/01/1999,2,1,1,1,1,1,14,0,Hindi,English,,FF3399703,AMTPB4483H,UID6326,VISA6326,No,*,17/01/1999,,,,,,,VI,C,true,true,6326_F
Mohd._Khan,Mst.,Mohd.,Aasim,Khan,M,6327,1,15/12/1999,3,1,1,1,1,1,14,0,Hindi,English,,FF3399704,AMTPB4483H,UID6327,VISA6327,No,*,15/12/1999,,,,,,,VI,C,true,true,6327_F
Mohd._Ali Dehlvi,Mst.,Mohd.,,Ali Dehlvi,M,6328,1,18/08/1999,4,1,1,1,1,1,14,0,Hindi,English,,FF3399705,AMTPB4483H,UID6328,VISA6328,No,*,18/08/1999,,,,,,,VI,C,true,true,6328_F
Mohd._Dewaswala,Mst.,Mohd.,,Dewaswala,M,6329,1,04/05/1998,1,1,1,1,1,1,14,0,Hindi,English,,FF3399706,AMTPB4483H,UID6329,VISA6329,No,*,04/05/1998,,,,,,,VI,C,true,true,6329_F
Neerav_Jadhav,Mst.,Neerav,,Jadhav,M,6330,1,17/09/1999,2,1,1,1,1,1,14,0,Hindi,English,,FF3399707,AMTPB4483H,UID6330,VISA6330,No,*,17/09/1999,,,,,,,VI,C,true,true,6330_F
Nimit_Verma,Mst.,Nimit,,Verma,M,6331,1,01/01/2000,3,1,1,1,1,1,14,0,Hindi,English,,FF3399708,AMTPB4483H,UID6331,VISA6331,No,*,01/01/2000,,,,,,,VI,C,true,true,6331_F
Prabal_Jain,Mst.,Prabal,,Jain,M,6332,1,28/07/1999,4,1,1,1,1,1,14,0,Hindi,English,,FF3399709,AMTPB4483H,UID6332,VISA6332,No,*,28/07/1999,,,,,,,VI,C,true,true,6332_F
Pradhuman_Sharma,Mst.,Pradhuman,,Sharma,M,6333,1,12/04/1998,1,1,1,1,1,1,14,0,Hindi,English,,FF3399710,AMTPB4483H,UID6333,VISA6333,No,*,12/04/1998,,,,,,,VI,C,true,true,6333_F
Prakhul_Jain,Mst.,Prakhul,,Jain,M,6334,1,12/08/1999,2,1,1,1,1,1,14,0,Hindi,English,,FF3399711,AMTPB4483H,UID6334,VISA6334,No,*,12/08/1999,,,,,,,VI,C,true,true,6334_F
Prayag_Jain,Mst.,Prayag,,Jain,M,6335,1,19/07/1999,3,1,1,1,1,1,14,0,Hindi,English,,FF3399712,AMTPB4483H,UID6335,VISA6335,No,*,19/07/1999,,,,,,,VI,C,true,true,6335_F
Rachit_Dubey,Mst.,Rachit,,Dubey,M,6336,1,27/09/1999,4,1,1,1,1,1,14,0,Hindi,English,,FF3399713,AMTPB4483H,UID6336,VISA6336,No,*,27/09/1999,,,,,,,VI,C,true,true,6336_F
Rajaram_Joshi,Mst.,Rajaram,,Joshi,M,6337,1,14/08/1999,1,1,1,1,1,1,14,0,Hindi,English,,FF3399714,AMTPB4483H,UID6337,VISA6337,No,*,14/08/1999,,,,,,,VI,C,true,true,6337_F
Rohan_Bobby,Mst.,Rohan,,Bobby,M,6338,1,27/07/1999,2,1,1,1,1,1,14,0,Hindi,English,,FF3399715,AMTPB4483H,UID6338,VISA6338,No,*,27/07/1999,,,,,,,VI,C,true,true,6338_F
Samarth_Joshi,Mst.,Samarth,,Joshi,M,6339,1,03/09/1999,3,1,1,1,1,1,14,0,Hindi,English,,FF3399716,AMTPB4483H,UID6339,VISA6339,No,*,03/09/1999,,,,,,,VI,C,true,true,6339_F
Samarddh_Saxena,Mst.,Samarddh,,Saxena,M,6340,1,12/12/1999,4,1,1,1,1,1,14,0,Hindi,English,,FF3399717,AMTPB4483H,UID6340,VISA6340,No,*,12/12/1999,,,,,,,VI,C,true,true,6340_F
Sarthak_Jariya,Mst.,Sarthak,,Jariya,M,6341,1,04/10/1999,1,1,1,1,1,1,14,0,Hindi,English,,FF3399718,AMTPB4483H,UID6341,VISA6341,No,*,04/10/1999,,,,,,,VI,C,true,true,6341_F
Sarthak_Kanojiya,Mst.,Sarthak,,Kanojiya,M,6342,1,14/12/1999,2,1,1,1,1,1,14,0,Hindi,English,,FF3399719,AMTPB4483H,UID6342,VISA6342,No,*,14/12/1999,,,,,,,VI,C,true,true,6342_F
Shane_Joseph,Mst.,Shane,,Joseph,M,6343,1,11/06/1999,3,1,1,1,1,1,14,0,Hindi,English,,FF3399720,AMTPB4483H,UID6343,VISA6343,No,*,11/06/1999,,,,,,,VI,C,true,true,6343_F
Shantanu_Arya,Mst.,Shantanu,,Arya,M,6344,1,20/12/1998,4,1,1,1,1,1,14,0,Hindi,English,,FF3399721,AMTPB4483H,UID6344,VISA6344,No,*,20/12/1998,,,,,,,VI,C,true,true,6344_F
Shashwat_Pote,Mst.,Shashwat,,Pote,M,6345,1,17/11/1999,1,1,1,1,1,1,14,0,Hindi,English,,FF3399722,AMTPB4483H,UID6345,VISA6345,No,*,17/11/1999,,,,,,,VI,C,true,true,6345_F
Shubham_Kapoor,Mst.,Shubham,,Kapoor,M,6346,1,31/07/1999,2,1,1,1,1,1,14,0,Hindi,English,,FF3399723,AMTPB4483H,UID6346,VISA6346,No,*,31/07/1999,,,,,,,VI,C,true,true,6346_F
Srijan_Agrawal,Mst.,Srijan,,Agrawal,M,6347,1,11/05/1999,3,1,1,1,1,1,14,0,Hindi,English,,FF3399724,AMTPB4483H,UID6347,VISA6347,No,*,11/05/1999,,,,,,,VI,C,true,true,6347_F
Subodh_Yadav,Mst.,Subodh,,Yadav,M,6348,1,08/10/1999,4,1,1,1,1,1,14,0,Hindi,English,,FF3399725,AMTPB4483H,UID6348,VISA6348,No,*,08/10/1999,,,,,,,VI,C,true,true,6348_F
Tanishq_Bhatia,Mst.,Tanishq,,Bhatia,M,6349,1,06/12/1999,1,1,1,1,1,1,14,0,Hindi,English,,FF3399726,AMTPB4483H,UID6349,VISA6349,No,*,06/12/1999,,,,,,,VI,C,true,true,6349_F
Utkarsh_Keskar,Mst.,Utkarsh,,Keskar,M,6350,1,27/10/1999,2,1,1,1,1,1,14,0,Hindi,English,,FF3399727,AMTPB4483H,UID6350,VISA6350,No,*,27/10/1999,,,,,,,VI,C,true,true,6350_F
Yash_Kamal ,Mst.,Yash,,Kamal ,M,6351,1,08/03/1999,3,1,1,1,1,1,14,0,Hindi,English,,FF3399728,AMTPB4483H,UID6351,VISA6351,No,*,08/03/1999,,,,,,,VI,C,true,true,6351_F
Yash_Kothari,Mst.,Yash,,Kothari,M,6352,1,27/10/1999,4,1,1,1,1,1,14,0,Hindi,English,,FF3399729,AMTPB4483H,UID6352,VISA6352,No,*,27/10/1999,,,,,,,VI,C,true,true,6352_F
